"organization","dataset_id"
"Australian Antarctic Division; Australian Antarctic Data Centre","8a1109fe-bf82-42b2-b296-a46c8059b82b"
"Woods Hole Oceanographic Institution; Marine Biological Laboratory The Josephine Bay Paul Center in Camparative Molecular Biology and Evolution (WHOI)","2fd06604-7d20-4712-9f68-eae9ae336bb5"
"Australian Antarctic Division; Australian Antarctic Data Centre","e62bd21e-63ff-41d7-a656-f765816e2800"
"Australian Antarctic Division Australian Antarctic Data Centre (AAD)","6d6d7acc-b9d5-4b20-aa23-3ea5873a05bf"
"National Oceanic and Atmospheric Administration; National Marine Fisheries Service Southeast Fisheries Science Center (NOAA-SEFSC)","3d9cba1d-9b12-4ea6-9ab1-5fb12664c66f"
"Federal Government of the United States of America; Department of Commerce; National Oceanic and Atmospheric Administration; National Marine Fisheries Service; Southeast Fisheries Science Center (SEFSC)","3d9cba1d-9b12-4ea6-9ab1-5fb12664c66f"
"National Oceanic and Atmospheric Administration; National Marine Fisheries Service Southeast Fisheries Science Center (NOAA-SEFSC)","7aee17f1-d6e8-4204-a4b2-eafdf89563cf"
"Federal Government of the United States of America; Department of Commerce; National Oceanic and Atmospheric Administration; National Marine Fisheries Service; Southeast Fisheries Science Center (SEFSC)","7aee17f1-d6e8-4204-a4b2-eafdf89563cf"
"University of Southampton National Oceanography Centre (SOTON-NOC)","1f59030f-f116-4c34-915e-1882d819cda3"
"The National Science Foundation (NSF)","5591f393-fc15-461f-ab1f-da45e72339ee"
"University of Bremen Centre for Marine Environmental Sciences (MARUM)","f3c02ebd-f672-4787-ae0b-92263041cf0d"
"Australian Antarctic Division; Australian Antarctic Data Centre","d9148b5e-251e-4ea0-b36f-80c7837c55d4"
"Eberhard Karls University of Tübingen","6cd4445d-5d99-420b-98bf-2649b6731f0c"
"Australian Antarctic Division Australian Antarctic Data Centre (AAD)","8843341c-ddd1-47a0-b4e6-5f37eec9b317"
"Australian Antarctic Division; Australian Antarctic Data Centre","8843341c-ddd1-47a0-b4e6-5f37eec9b317"
"WCS Canada","a9848680-b804-455a-b6b5-2c5c1d0dbcde"
"Australia National University; Research School of Earth Sciences","f4775120-afcc-4350-9e03-649c978f6070"
"Natural Environment Research Council; British Antarctic Survey (BAS)","f4775120-afcc-4350-9e03-649c978f6070"
"Helen  Campbell","90b41b79-a5a2-4d6f-80d5-fbf2fa3a682b"
"Duke University Marine Laboratory","9a37fc55-1fc8-4c19-b649-10d86c03b7bb"
"Canadian Wildlife Service","9a37fc55-1fc8-4c19-b649-10d86c03b7bb"
"Natural Environment Research Council; British Antarctic Survey (BAS)","528fe00d-8ca0-4c32-b6b2-fe72b05d9a6e"
"Australian Antarctic Division; Australian Antarctic Data Centre","7e3d0036-a7ab-4275-81c1-6978698befc5"
"Bernice P. Bishop Museum","10b213e6-a9c4-459e-a40c-ef9edc461b97"
"Technical Innovations, Inc.","10b213e6-a9c4-459e-a40c-ef9edc461b97"
"Bishop Museum","10b213e6-a9c4-459e-a40c-ef9edc461b97"
"VertNet","10b213e6-a9c4-459e-a40c-ef9edc461b97"
"Museum of Vertebrate Zoology at UC Berkeley","10b213e6-a9c4-459e-a40c-ef9edc461b97"
"Australian Antarctic Division; Australian Antarctic Data Centre","de164752-b2a3-4857-b73b-04c00c0c801e"
"University of California, San Diego; Scripps Institution of Oceanography San Diego Supercomputer Center (UCSD-SIO)","fa9bc19f-f98a-4278-ab99-c6d8ef4966c7"
"JAMSTEC","d5645e8d-11c1-454e-8a79-960cd2681d6a"
"University of Bremen","6897b33d-8865-4a9b-ae13-2d73cd33d1e5"
"Institute of Marine Research Norwegian Marine Data Centre (IMR)","8629ec33-be4b-4384-933f-a511fbc29967"
"Australian Antarctic Division; Australian Antarctic Data Centre","a4d4e3f2-7626-49bb-b85b-16ed83105909"
"Australian Antarctic Division Australian Antarctic Data Centre (AAD)","f98b4110-3592-4e62-9bd5-d7ba7483c1c8"
"Australian Antarctic Division; Australian Antarctic Data Centre","f98b4110-3592-4e62-9bd5-d7ba7483c1c8"
"Stanford University","68ed4f02-f04b-46ae-b273-0bcbf8a8f807"
"Christian-Albrechts-University Kiel (CAU)","488f7e7c-1c38-468c-b11a-843c55b4ab01"
"Johann Heinrich von Thünen-Institut Institute of Sea Fisheries (vTI-TI/SF)","cc8f28ce-e48d-4945-abfe-9d150a22dcd6"
"Australian Antarctic Division Australian Antarctic Data Centre (AAD)","33dc21df-ea46-4e60-ab29-b9a3d726a53c"
"Australian Antarctic Division; Australian Antarctic Data Centre","33dc21df-ea46-4e60-ab29-b9a3d726a53c"
"Christian-Albrechts-University Kiel (CAU)","1bcef367-cb04-4cf6-ab1e-eab1c2b0172a"
"Australian Antarctic Division Australian Antarctic Data Centre (AAD)","08fb2baf-98e1-4721-8347-3fa7aee1dd80"
"Australian Antarctic Division; Australian Antarctic Data Centre","08fb2baf-98e1-4721-8347-3fa7aee1dd80"
"Natural Environment Research Council; British Antarctic Survey (BAS)","3f2c1827-a206-41c4-bc53-58267dd28cbd"
"Smithsonian Institution National Museum of Natural History (NMNM)","d6d6fe4c-425f-4ce7-bf28-7a6befaeb413"
"Monterey Bay Aquarium; Research Institute (MBARI)","a419c8da-35ed-4b62-9709-39b56369c44e"
"Australian Antarctic Division; Australian Antarctic Data Centre","aef7504f-c49c-4711-8637-0615be7d4ca9"
"Ocean Genome Legacy (OGL)","f1da0955-5ece-4f98-ab77-f10c20bdd3ca"
"Mesoscale Atmospheric Processes Laboratory","652a0c8f-7a52-4c4c-acb0-de05db80ff8c"
"Department of Ecology and Evolution, Stony Brook University","652a0c8f-7a52-4c4c-acb0-de05db80ff8c"
"Black Bawks Data Science","652a0c8f-7a52-4c4c-acb0-de05db80ff8c"
"Oceanites","652a0c8f-7a52-4c4c-acb0-de05db80ff8c"
"Mesoscale Atmospheric Processes Laboratory","b4be83a5-101d-4a82-80dd-b8a39c8026f2"
"Department of Ecology and Evolution, Stony Brook University","b4be83a5-101d-4a82-80dd-b8a39c8026f2"
"Black Bawks Data Science","b4be83a5-101d-4a82-80dd-b8a39c8026f2"
"Oceanites","b4be83a5-101d-4a82-80dd-b8a39c8026f2"
"ANU","dc9c4c41-ec01-422f-9770-fb2061570142"
"Federal Government of the United States of America; Department of Commerce National Oceanic and Atmospheric Administration (NOAA)","9ad0f8eb-b983-418d-b881-3b672d9e0005"
"National Academy of Sciences of Ukraine Institute of Biology of the Southern Seas (NASU-IBSS)","daeb7864-98e9-4441-95e5-c5544995acc6"
"Hawaii Institute of Marine Biology","71748d53-57e9-4e30-9678-ede83ca6c7ba"
"Australian Antarctic Division; Australian Antarctic Data Centre","9a41a30b-029f-477e-89d6-10af52422665"
"Farallon Institute for Advanced Ecosystem Research","d054afae-bb0c-484e-8658-d92b41ff9d7d"
"National Academy of Sciences of Ukraine Institute of Biology of the Southern Seas (NASU-IBSS)","0bf88234-3f7f-4744-8663-40e647b950f8"
"National Academy of Sciences of Ukraine Institute of Biology of the Southern Seas (NASU-IBSS)","5db35580-0f57-48c4-b4c0-4fd82bd9cf31"
"Australian Antarctic Division; Australian Antarctic Data Centre","82e3523b-d12b-4403-8276-a7b4ee69c49e"
"Australian Antarctic Division; Australian Antarctic Data Centre","f4accecd-9166-43fb-a72b-b909e5f52987"
"National Museum of Nature and Science","1cf3ed54-598a-4f16-a326-01960e4b79a0"
"University of Bremen Centre for Marine Environmental Sciences (MARUM)","b08e636b-f5be-4f7f-81db-bdafcdf68e57"
"Museums Victoria","679cb1fa-3d8d-4f22-bab0-8ca2971a96ce"
"Australian Antarctic Division; Australian Antarctic Data Centre","944da8c9-dce6-4f17-885c-976a5d831209"
"University of Kansas; Division of Invertebrate Zoology; Department of Ecology and Evolutionary Biology, KU Natural History Museum","c380d2c9-98b3-48cf-af6c-56a88b81f1a4"
"Universidad Simón Bolívar","c380d2c9-98b3-48cf-af6c-56a88b81f1a4"
"National Academy of Sciences of Ukraine Institute of Biology of the Southern Seas (NASU-IBSS)","343468ea-7e09-4bca-acaf-4d23036a2015"
"National Academy of Sciences of Ukraine; Institute of Biology of the Southern Seas Department of plankton (NASU)","343468ea-7e09-4bca-acaf-4d23036a2015"
"Victoria University of Wellington Antarctic Research Centre (ARC)","1ddd1411-59fc-4fcb-8d31-4f3248feecf1"
"Greenland Institute of Natural Resources","b7939ba9-6d4c-4359-b92b-136cf591e072"
"San Jose State University","a02e9289-42b5-4520-b079-fb9b7ac02075"
"University of California, Santa Cruz","a02e9289-42b5-4520-b079-fb9b7ac02075"
"iziko South African Museum","8a1ae661-e911-4967-bc06-1168fc5f2d89"
"CSIR / SADCO / AfrOBIS","8a1ae661-e911-4967-bc06-1168fc5f2d89"
"University of Canterbury","d613e932-1d8e-4fc1-b596-95d3f980ebdb"
"NOAA Southwest Fisheries Science Center","2316f414-7b56-4795-bd42-f50986445638"
"University of Plymouth (UOP)","49bbc435-2bff-432c-8dd4-b2e7b514ada3"
"University of Southampton National Oceanography Centre (SOTON-NOC)","49bbc435-2bff-432c-8dd4-b2e7b514ada3"
"United Nations Environment Programme World Conservation Monitoring Centre (UNEP-UNEP-WCMC)","49bbc435-2bff-432c-8dd4-b2e7b514ada3"
"Université Libre de Bruxelles; Faculté des Sciences; Département de Biologie des Organismes; Centre Interuniversitaire de Biologie Marine (ULB - UMH); Unité de Biologie Marine (BIOMAR)","5a54c569-d156-4593-89e0-7e8b48a18a3a"
"Université de Bourgogne; Biogéosciences","5a54c569-d156-4593-89e0-7e8b48a18a3a"
"Duke University Marine Laboratory","a5edf42e-7768-4d1a-8df1-e13fd5d7c8c5"
"Data Management Group, JAMSTEC","fa826ba9-f584-4594-af5a-7afbdb9f5ed4"
"University of Southampton; National Oceanography Centre School of Ocean and Earth Science (SOTON-SOES)","471a8de8-80f8-43f9-9443-88a45712feba"
"University of Southampton National Oceanography Centre (SOTON-NOC)","471a8de8-80f8-43f9-9443-88a45712feba"
"Census of Marine Life (COML)","471a8de8-80f8-43f9-9443-88a45712feba"
"Australian Antarctic Division Australian Antarctic Data Centre (AAD)","fc18744b-4e55-4acc-8785-c29fb6692b34"
"Australian Antarctic Division; Australian Antarctic Data Centre","fc18744b-4e55-4acc-8785-c29fb6692b34"
"Joint Nature Conservation Committee","8426d16e-cb66-4b6e-8d3c-d8e8b977fc79"
"Atmosphere and Ocean Research Institute (AORI)","f569082f-e8d1-4824-9ec8-4e06eeb00cdb"
"Landcare Research","29dbebfe-bf43-4167-ab9b-48bcd546edc9"
"Bioconsult Schuchardt &amp; Scholle Gbr","29dbebfe-bf43-4167-ab9b-48bcd546edc9"
"University of Jaén; Faculty of Experimental Sciences; Department of Animal Biology, Vegetal Biology and Ecology","29dbebfe-bf43-4167-ab9b-48bcd546edc9"
"NOAA Pacific Islands Fisheries Science Center","dac1f0ac-24a9-4b89-b2af-ab84a23c9a26"
"NOAA Pacific Islands Science Center","dac1f0ac-24a9-4b89-b2af-ab84a23c9a26"
"/","0e2be190-07dd-4a5d-97fd-f1b796127b9a"
"/","e2162917-3213-4220-820f-b5ea0ead986c"
"Marine Institute Ireland (MI)","52076a40-4d20-4ebc-8e08-3c47adb388eb"
"Columbia University Lamont-Doherty Earth Observatory","ed985d06-bb86-4737-8ade-197837b0af24"
"Institute of Marine Research Norwegian Marine Data Centre (IMR)","f96f51b2-a8c7-440e-b345-4607d242c610"
"Federal Government of the United States of America; Department of Commerce National Oceanic and Atmospheric Administration (NOAA)","87c3a8bf-1b80-49ae-a994-91533c6c6907"
"University of California, Santa Cruz; Biology Departement","9818d42f-87ed-4bea-95bf-dac9226f3748"
"University of British Columbia; Aquatic Ecosystems Research Laboratory","b7cdeca9-f3a4-474f-b644-a74f504083bb"
"Columbia University; Lamont-Doherty Earth Observatory","c871a755-f66a-49e6-8024-86bf700c1210"
"Wake Forest University","eff46ae6-2868-4d3d-a68b-f731cae8689e"
"Australian Antarctic Division Australian Antarctic Data Centre (AAD)","717559d3-e4e3-47cc-9fb1-277cf2a614ed"
"Duke University Marine Laboratory","84cfefce-ded2-4a7f-bb46-6501d724ce0c"
"Duke University Marine Laboratory","57d646ec-d521-4175-a6fd-e89be7cc5611"
"Wake Forest University","57d646ec-d521-4175-a6fd-e89be7cc5611"
"Australian Antarctic Division Australian Antarctic Data Centre (AAD)","ed578762-4306-499f-ba44-13181fd0117a"
"Australian Antarctic Division; Australian Antarctic Data Centre","ed578762-4306-499f-ba44-13181fd0117a"
"National Academy of Sciences of Ukraine Institute of Biology of the Southern Seas (NASU-IBSS)","cce3d3c0-b9fc-4d03-b528-12e75ba4df87"
"Migration and foraging ecology of Greater Shearwater","17c7f44a-dd02-4428-87f2-554d871e7c86"
"seaturtle.org","17c7f44a-dd02-4428-87f2-554d871e7c86"
"University of Liege, Laboratory of Oceanology","96f4a5d3-3e3a-4ccb-8343-b1db99074b1f"
"Université Libre de Bruxelles, Marine Biology Department","96f4a5d3-3e3a-4ccb-8343-b1db99074b1f"
"Muséum national d’Histoire naturelle","96f4a5d3-3e3a-4ccb-8343-b1db99074b1f"
"Aquarium de Paris - Cinéaqua","96f4a5d3-3e3a-4ccb-8343-b1db99074b1f"
"Muséum National d'Histoire Naturelle, Station de Biologie  Marine, 29182","96f4a5d3-3e3a-4ccb-8343-b1db99074b1f"
"Universidad de Concepción Centre for Oceanographic Research in the eastern South Pacific (COPAS)","6b07e4bb-4bfb-4d38-a2f4-db945248f215"
"NOAA Southwest Fisheries Science Center","ae4957e2-db31-4b45-908d-68f9c82322ac"
"Institute of Marine Research Marine Mammals Research Group (IMR)","dd335e79-f580-44a1-bedc-1476437eb73e"
"Spanish Council for Scientific Research Institute of Marine Sciences (CSIC-ICM)","270f3e70-ff9b-411d-b170-2bc914d83f26"
"NOAA Pacific Islands Science Center","9c54e380-17cd-4d95-ab11-1616eb98cbc8"
"NOAA Southwest Fisheries Science Center","9c54e380-17cd-4d95-ab11-1616eb98cbc8"
"Costa Lab Mammals","0863a646-ab1c-4f68-ba42-ba99ba0229a8"
"seaturtle.org","0863a646-ab1c-4f68-ba42-ba99ba0229a8"
"Smithsonian Tropical Research Institute","0e1d55f3-c7dc-4355-a81f-e48a96795329"
"Centro de Referência em Informação Ambiental (CRIA)","170af803-1308-42ea-84cf-5ec938a32866"
"National Chemical Laboratory; Information Division","63d77e40-618e-4e51-a49f-44e990afef85"
"Australian Antarctic Division; Australian Antarctic Data Centre","75e2a2b6-f58f-4c43-aefd-878cee7865b1"
"Australian Antarctic Division; Australian Antarctic Data Centre","48f919e0-150b-4c2b-ae4a-745d39dc4f1d"
"National Academy of Sciences of Ukraine Institute of Biology of the Southern Seas (NASU-IBSS)","086b3f21-f424-42bc-9dd4-5a9fc18f802f"
"National Academy of Sciences of Ukraine; Institute of Biology of the Southern Seas Department of plankton (NASU)","086b3f21-f424-42bc-9dd4-5a9fc18f802f"
"iziko South African Museum","4f46f9d8-dc63-4546-9dd5-075df3d25e4a"
"CSIR / SADCO / AfrOBIS","4f46f9d8-dc63-4546-9dd5-075df3d25e4a"
"Costa Lab Mammals","8ff68783-2213-419f-87c2-4a55f4092094"
"seaturtle.org","8ff68783-2213-419f-87c2-4a55f4092094"
"NOAA Southwest Fisheries Science Center","e9380dae-ecde-4e00-b780-45d3850ae7aa"
"South African Institute for Aquatic Biodiversity (SAIAB)","9ff216fc-777e-4f9b-9860-95ed7366870d"
"CSIR / SADCO / AfrOBIS","9ff216fc-777e-4f9b-9860-95ed7366870d"
"University of Porto Interdisciplinary Centre for Marine and Environmental Research (Porto) (CIIMAR)","3f871238-07df-4757-a790-aeb866ba9eed"
"Fraunhofer AICOS","3f871238-07df-4757-a790-aeb866ba9eed"
"University of Algarve; Faculty of Marine and Environmental Sciences Centre of Marine Sciences (UALG-CCMAR)","3f871238-07df-4757-a790-aeb866ba9eed"
"Spanish Council for Scientific Research Instituto de Investigaciones Marinas de Vigo (CSIC-IIM)","3f871238-07df-4757-a790-aeb866ba9eed"
"iziko South African Museum","7fad32f7-40f3-4134-84a8-beca24103910"
"CSIR / SADCO / AfrOBIS","7fad32f7-40f3-4134-84a8-beca24103910"
"National Academy of Sciences of Ukraine Institute of Biology of the Southern Seas (NASU-IBSS)","a73554ec-814e-46e2-bd09-e1fd0224431b"
"National Oceanic and Atmospheric Administration; National Marine Fisheries Service Pacific Islands Fisheries Science Center (NOAA-PIFSC)","c96e22c5-7f34-402b-a83d-17a4c7b93f56"
"Federal Government of the United States of America; Department of Commerce; National Oceanic and Atmospheric Administration; National Marine Fisheries Service; Pacific Islands Fisheries Science Center Coral Reef Ecosystem Division (NOAA-CRED)","c96e22c5-7f34-402b-a83d-17a4c7b93f56"
"NOAA Southwest Fisheries Science Center","e3b4b30d-f75e-40f1-9ec3-ef7c5ea4d29b"
"NOAA Southwest Fisheries Science Center","774d7cef-f596-4015-a283-5b6575f995f8"
"NOAA Southwest Fisheries Science Center","93b88928-7805-4107-a838-b2afe6a7aed9"
"NOAA Southwest Fisheries Science Center","99a60a92-267f-441e-b3f1-54e0eea5d3cf"
"NOAA Southwest Fisheries Science Center","30edf9c3-1466-4a25-bdc3-e88a9c4d3b2d"
"University of Rhode Island","ac41ae6d-b990-4656-b943-3c978bd2922c"
"Costa Lab Mammals","55a4ceb0-6d00-4d71-b6be-49a9cdb51b2c"
"seaturtle.org","55a4ceb0-6d00-4d71-b6be-49a9cdb51b2c"
"NOAA Southwest Fisheries Science Center","4e1a1467-1a9d-4315-88f2-65a483ee5726"
"Costa Lab Mammals","fd8c4760-a23a-45e0-a297-dff5ef5d7368"
"seaturtle.org","fd8c4760-a23a-45e0-a297-dff5ef5d7368"
"Italian National Research Council","bcbabc5e-a0b9-4ddd-9e0e-dd99f01edefc"
"Italian National Museum (MNA, Section of Genoa)","bcbabc5e-a0b9-4ddd-9e0e-dd99f01edefc"
"Italian National Research Council","bd3412c1-cefb-4216-bf70-64557f680a23"
"Italian National Museum (MNA, Section of Genoa)","bd3412c1-cefb-4216-bf70-64557f680a23"
"NOAA Southwest Fisheries Science Center","4a694757-eec3-446a-b730-c3bea4c479e3"
"NOAA Southwest Fisheries Science Center","f0d2deb2-64c9-471c-8b49-457573951146"
"NOAA Southwest Fisheries Science Center","7404ceb5-ccd8-4dab-8144-6e69ad82d036"
"NOAA Southwest Fisheries Science Center","7707309d-37c4-4bd9-ac24-361aa328256c"
"Spanish Council for Scientific Research Institute of Marine Sciences (CSIC-ICM)","5bf31864-f4f6-4986-a2c5-1a0e5e9d9e26"
"Australian Antarctic Division Australian Antarctic Data Centre (AAD)","7f5f426e-80bc-4f3b-8d1c-697b086287e8"
"Australian Antarctic Division; Australian Antarctic Data Centre","7f5f426e-80bc-4f3b-8d1c-697b086287e8"
"Centro de Referência em Informação Ambiental (CRIA)","64769a98-e606-49be-b30c-388e3c8145b3"
"Australian Antarctic Division; Australian Antarctic Data Centre","d2121da0-aa03-49bc-a9ea-f6c2c02c837a"
"University of Colorado Museum of Natural History","60ce413e-2d58-4d64-a057-7eed1b201250"
"National Science Foundation","60ce413e-2d58-4d64-a057-7eed1b201250"
"LGL Limited - Environmental Research Associates","60ce413e-2d58-4d64-a057-7eed1b201250"
"NOAA Southwest Fisheries Science Center","1b5c74ae-fdc2-4e98-804a-196ad3975100"
"University of the Azores Department of Oceanography and Fisheries (UAC-DOP)","3ad286a0-0af1-4b5e-980e-2b9b5e336ee2"
"Institute of Marine Research (IMAR)","3ad286a0-0af1-4b5e-980e-2b9b5e336ee2"
"NOAA Southwest Fisheries Science Center","531498a3-a537-4ea7-a778-5e64dfc71c2c"
"NOAA Southwest Fisheries Science Center","8955f733-5af7-4eb2-a369-7d6e83f40a12"
"UK Hydrographic Office","5a804d4e-7393-46ff-971c-0beceba02086"
"Kate Arnold","5a804d4e-7393-46ff-971c-0beceba02086"
"University of Cape Town; Department of Zoology","16c29553-c90b-4865-8d45-55de3286b4e0"
"CSIR / SADCO / AfrOBIS","16c29553-c90b-4865-8d45-55de3286b4e0"
"Sea Mammal Research Unit, Scottish Oceans Institute, University of St. Andrews","35db8eb6-1802-4cdc-8d8a-eaa1ebcfb5bd"
"University of Exeter","5783eb41-8787-415f-beb8-178fa05684ef"
"seaturtle.org","5783eb41-8787-415f-beb8-178fa05684ef"
"NOAA Southwest Fisheries Science Center","36fe915e-d5e9-4342-8856-ef5d5a5c3404"
"NOAA Southwest Fisheries Science Center","0621b177-d923-4adc-8ee5-113cf8902eb0"
"Russian Academy of Sciences Zoological Institute of RAS (RAS-ZIN)","2b75ad47-cee7-490f-ba9a-b7c0d499d583"
"University of  São Paulo Instituto Oceanográfico (IOUSP)","4a64bfc9-1731-4c31-92d2-1d4156b7da4f"
"Centro de Referência em Informação Ambiental (CRIA)","4a64bfc9-1731-4c31-92d2-1d4156b7da4f"
"NOAA Southwest Fisheries Science Center","185ec168-d273-4888-964a-2e9bdd5136e0"
"Australian Antarctic Division Australian Antarctic Data Centre (AAD)","adbb545a-42bb-46cc-ad7b-79bfb16dd12c"
"Australian Antarctic Division; Australian Antarctic Data Centre","adbb545a-42bb-46cc-ad7b-79bfb16dd12c"
"NOAA Southwest Fisheries Science Center","c77f9e8e-d2fe-4286-b3be-ddb7e18a8e28"
"Marine Turtle Research Group","5381f98a-1d08-4c96-a019-c0716bac3b08"
"seaturtle.org","5381f98a-1d08-4c96-a019-c0716bac3b08"
"Moscow State University; Faculty of Biology Department of Hydrobiology (MSU)","0001aa41-e3e4-40a0-9193-9a5c81c627bf"
"IFREMER","88e48126-685b-4322-abe8-325104362095"
"The Agreement on the Conservation of Cetaceans of the Black Sea, Mediterranean Sea and contiguous Atlantic Area (ACCOBAMS) and Whale and Dolphin Conservation Society (WDCS)","a4bb1978-5aa4-4fd2-b8f3-ffc19b6467dc"
"International Fund for Animal Welfare c/o Song of the Whale team, MCR International","a4bb1978-5aa4-4fd2-b8f3-ffc19b6467dc"
"Dominica Sea Turtle Conservation Organization","9500b860-c97b-45e7-a3b1-0a8e046b99d0"
"seaturtle.org","9500b860-c97b-45e7-a3b1-0a8e046b99d0"
"NOAA Southwest Fisheries Science Center","25891eec-ad56-4cbe-a252-a57dbef83e50"
"University of Copenhagen; Faculty of Science; Natural History Museum of Denmark; The Zoological Museum The Danish Biodiversity Information Facility (KU-DanBIF)","3ac81162-1804-43c4-b766-aabe2abcc572"
"Australian Antarctic Division Australian Antarctic Data Centre (AAD)","2ab04179-c3e5-4754-9df5-65d3b3e0dbcd"
"Center for Conservation Biology","ba1a3819-34c6-4a1f-b854-74f5b28131e5"
"seaturtle.org","ba1a3819-34c6-4a1f-b854-74f5b28131e5"
"NOAA Southwest Fisheries Science Center","4bff707d-4c5b-4c7c-b903-f93799a4098a"
"University of the Azores Department of Oceanography and Fisheries (UAC-DOP)","a08db4f0-5df1-4ff3-a9c8-4af42a31cdba"
"Institute of Marine Research (IMAR)","a08db4f0-5df1-4ff3-a9c8-4af42a31cdba"
"Drexel University Academy of Natural Sciences","8bd1c7c0-717d-4a4e-8b1c-9ff3c5698067"
"Drexel University; Academy of Natural Sciences","8bd1c7c0-717d-4a4e-8b1c-9ff3c5698067"
"Centro de Referência em Informação Ambiental (CRIA)","308a501c-a187-498e-a8bd-9cf3d2b70bd9"
"Costa Lab Mammals","d6cabe16-b1e4-4636-bb69-b7aa615978f3"
"seaturtle.org","d6cabe16-b1e4-4636-bb69-b7aa615978f3"
"NOAA Northeast Fisheries Science Center","34516d38-6369-4157-86f1-ed3da316cf73"
"Cape Eleuthera Institute","6cb505c3-d66d-4aa5-8feb-9e1d43d1ea69"
"Russian Academy of Sciences Far Eastern Branch (RAS-FEB)","b32f881e-71c1-4b93-9263-54c28f2a4114"
"Costa Lab Mammals","a608854e-dec6-4157-b599-c4508ab6307a"
"seaturtle.org","a608854e-dec6-4157-b599-c4508ab6307a"
"Costa Lab Mammals","409482e0-7de1-4435-8e6e-81f42ab2d76a"
"seaturtle.org","409482e0-7de1-4435-8e6e-81f42ab2d76a"
"NOAA Southwest Fisheries Science Center","34142e20-9e34-497f-8c53-e82eb6429b17"
"Grupo Tortuguero Tracking Project","7d06eee7-c86a-4d1d-a635-855d0aeb99e3"
"seaturtle.org","7d06eee7-c86a-4d1d-a635-855d0aeb99e3"
"North Carolina Aquarium at Pine Knoll Shores","3f6d64a7-f53a-4f68-95c0-35dcb6d3cefa"
"seaturtle.org","3f6d64a7-f53a-4f68-95c0-35dcb6d3cefa"
"Costa Lab Mammals","b64d0b3b-b33f-433a-b4e7-45166a92a7a1"
"seaturtle.org","b64d0b3b-b33f-433a-b4e7-45166a92a7a1"
"National Oceanic and Atmospheric Administration; National Environmental Satellite, Data and Information Service National Oceanographic Data Center (NOAA-NODC)","528c565f-fdad-4638-b1a1-3fb385d4ac1f"
"Costa Lab Mammals","2e773bdf-f845-4876-abd9-39e71f63fbff"
"seaturtle.org","2e773bdf-f845-4876-abd9-39e71f63fbff"
"Costa Lab Mammals","84f99d1a-1c3d-4f69-adbd-0b4037092256"
"seaturtle.org","84f99d1a-1c3d-4f69-adbd-0b4037092256"
"Virginia Aquarium Stranding Response Program","8632d5e1-8cba-45f5-a9b6-f40a43978b07"
"seaturtle.org","8632d5e1-8cba-45f5-a9b6-f40a43978b07"
"Government of Canada; Department of Fisheries and Oceans Bedford Institute of Oceanography (DFO-BIO)","b81d6803-77a2-44db-8a75-896d8b80d387"
"Koninklijk Nederlands Instituut voor Onderzoek der Zee; NIOZ Yerseke Afdeling Ecosysteem Studies (NIOZ-YES)","58e9b3ef-bac2-4a72-abec-c959e0f0d914"
"Koninklijk Nederlands Instituut voor Onderzoek der Zee NIOZ Yerseke (NIOZ)","58e9b3ef-bac2-4a72-abec-c959e0f0d914"
"National Academy of Sciences of Ukraine Institute of Biology of the Southern Seas (NASU-IBSS)","ef5c8ced-4ab9-4f5b-8e42-d1c6604223fa"
"National Academy of Sciences of Ukraine; Institute of Biology of the Southern Seas Department of plankton (NASU)","ef5c8ced-4ab9-4f5b-8e42-d1c6604223fa"
"Stellwagen","0ba361c3-f0d8-488f-a1bc-de56de072891"
"seaturtle.org","0ba361c3-f0d8-488f-a1bc-de56de072891"
"Costa Lab Mammals","179bb52b-50bb-420d-bf55-6d5e22d47db8"
"seaturtle.org","179bb52b-50bb-420d-bf55-6d5e22d47db8"
"NOAA Southeast Fisheries Science Center","66377f44-d1d0-49e7-b40d-0e2e92f7af45"
"Observatorio Ambiental Granadilla","d64477cf-491f-4de5-8291-8c07986fa37e"
"seaturtle.org","d64477cf-491f-4de5-8291-8c07986fa37e"
"Lomonosov Moscow State University Zoological Museum (MSU)","f1db48b2-d553-4858-b657-1943f60c59c8"
"University of the Azores Department of Oceanography and Fisheries (UAC-DOP)","22940bb9-80b7-431b-a3c3-2b937714ddf1"
"Institute of Marine Research (IMAR)","22940bb9-80b7-431b-a3c3-2b937714ddf1"
"Costa Lab Mammals","87125c3b-a33f-4c4b-b7a1-853eddf584bf"
"seaturtle.org","87125c3b-a33f-4c4b-b7a1-853eddf584bf"
"National Academy of Sciences of Ukraine Institute of Biology of the Southern Seas (NASU-IBSS)","65a3cb9d-2889-400b-a2cd-c0232f87fb91"
"National Academy of Sciences of Ukraine; Institute of Biology of the Southern Seas Department of plankton (NASU)","65a3cb9d-2889-400b-a2cd-c0232f87fb91"
"University of the Azores Department of Oceanography and Fisheries (UAC-DOP)","6a3833f7-2857-4df4-af1c-69f1632d69c3"
"Institute of Marine Research (IMAR)","6a3833f7-2857-4df4-af1c-69f1632d69c3"
"Projeto Tamar-Ibama","0c2ca4a9-450c-4840-96a3-c1ae29276582"
"seaturtle.org","0c2ca4a9-450c-4840-96a3-c1ae29276582"
"Centro de Referência em Informação Ambiental (CRIA)","12a7279f-9212-494b-87a9-1acee31a480e"
"Université Libre de Bruxelles (ULB)","33402693-a77d-443e-87a7-f9597315f76c"
"University of Exeter","768d9e0b-a4d8-4e02-8c50-74f0adf4cf52"
"seaturtle.org","768d9e0b-a4d8-4e02-8c50-74f0adf4cf52"
"ELMO (South African Elasmobranch Monitoring)","b0dd257d-fc59-4621-ad78-99bf3c872a0d"
"AfrOBIS","b0dd257d-fc59-4621-ad78-99bf3c872a0d"
"Sea Mammal Research Unit, University of St. Andrews","9c893879-88a2-4bf9-9373-ecb6c594cf45"
"Government of Canada; Department of Fisheries and Oceans Bedford Institute of Oceanography (DFO-BIO)","e548f7dc-7f39-4597-8258-351bfe98aaf0"
"Government of Canada; Department of Fisheries and Oceans Bedford Institute of Oceanography (DFO-BIO)","ec3f819d-4e9e-44c6-8143-83d60cb84737"
"Australian Antarctic Division Australian Antarctic Data Centre (AAD)","6e8bfa14-eabf-4295-8e56-cbf851edd391"
"Australian Antarctic Division; Australian Antarctic Data Centre","6e8bfa14-eabf-4295-8e56-cbf851edd391"
"Naval Facilities Engineering Command Atlantic","3f699014-4818-46d7-9544-e7f32f715400"
"seaturtle.org","3f699014-4818-46d7-9544-e7f32f715400"
"Australian Antarctic Division Australian Antarctic Data Centre (AAD)","5928aef7-a2b7-4c8a-8576-cf6c393ca4ee"
"Australian Antarctic Division; Australian Antarctic Data Centre","5928aef7-a2b7-4c8a-8576-cf6c393ca4ee"
"Dominica Sea Turtle Conservation Organization","0916e7cb-30ab-4e68-83db-2452af07c095"
"seaturtle.org","0916e7cb-30ab-4e68-83db-2452af07c095"
"NOAA Southwest Fisheries Science Center","0fd1dae1-3b8c-4e11-bcad-10c95de2e95f"
"Marion Island Wanderers &amp; Winds","c847a122-9aab-4f67-b404-ebbc581fa57a"
"seaturtle.org","c847a122-9aab-4f67-b404-ebbc581fa57a"
"National Oceanic and Atmospheric Administration; National Marine Fisheries Service Pacific Islands Fisheries Science Center (NOAA-PIFSC)","aa60750c-4921-43e1-8146-7b16aad675ac"
"Federal Government of the United States of America; Department of Commerce; National Oceanic and Atmospheric Administration; National Marine Fisheries Service; Pacific Islands Fisheries Science Center Coral Reef Ecosystem Division (NOAA-CRED)","aa60750c-4921-43e1-8146-7b16aad675ac"
"NOAA Southwest Fisheries Science Center","1618ada2-606b-4b4e-83ec-f00cfaa8cef2"
"Australian Antarctic Division Australian Antarctic Data Centre (AAD)","baa2a632-1f1c-453e-9968-ffd61fc468e3"
"Australian Antarctic Division; Australian Antarctic Data Centre","baa2a632-1f1c-453e-9968-ffd61fc468e3"
"Dominica Sea Turtle Conservation Organization and Oceans Forward","51ad436f-7102-4889-bbf6-82cca386ddda"
"seaturtle.org","51ad436f-7102-4889-bbf6-82cca386ddda"
"NOAA Southwest Fisheries Science Center","9ead3b9e-8431-4132-be7e-cc5c3d24b64d"
"National Oceanic and Atmospheric Administration; National Marine Fisheries Service Pacific Islands Fisheries Science Center (NOAA-PIFSC)","518c8422-0a94-4926-9e7a-42aaf70002f4"
"Federal Government of the United States of America; Department of Commerce; National Oceanic and Atmospheric Administration; National Marine Fisheries Service; Pacific Islands Fisheries Science Center Coral Reef Ecosystem Division (NOAA-CRED)","518c8422-0a94-4926-9e7a-42aaf70002f4"
"NOAA Southwest Fisheries Science Center","c43ed461-2b8c-4f6a-9a17-8cc8254db5e1"
"Marine Turtle Research Group","809e004e-bf1c-43f7-83ed-030eb33d52ba"
"seaturtle.org","809e004e-bf1c-43f7-83ed-030eb33d52ba"
"Institut de Recherche pour le Développement Centre de Nouméa (IRD)","e971710e-054e-43f2-b23c-c149d6c76cb4"
"National Natural History Museum Paris Department Systematics and Evolution (MNHN)","e971710e-054e-43f2-b23c-c149d6c76cb4"
"Australian Antarctic Division; Australian Antarctic Data Centre","6a13e564-26f4-4050-a7e8-151504270d84"
"Costa Lab Mammals","fe558aab-4a93-4f9f-b525-b481ad68e2b6"
"seaturtle.org","fe558aab-4a93-4f9f-b525-b481ad68e2b6"
"Australian Antarctic Division; Australian Antarctic Data Centre","1fa7f236-2eae-4281-84ac-b25bd676ead7"
"NOAA Pacific Islands Fisheries Science Center","4f2c5765-273b-4ac3-b046-dceeb3fe1a2b"
"NOAA Pacific Islands Science Center","4f2c5765-273b-4ac3-b046-dceeb3fe1a2b"
"National Academy of Sciences of Ukraine; Institute of Biology of the Southern Seas Department of mariculture and applied oceanology (NASU)","c998748f-0dd0-4c5f-bb7d-1663ce3dacad"
"National Academy of Sciences of Ukraine Institute of Biology of the Southern Seas (NASU-IBSS)","c998748f-0dd0-4c5f-bb7d-1663ce3dacad"
"Duke University Marine Laboratory","5abd5633-906f-4a94-8988-637d77702169"
"Dalhousie University","5abd5633-906f-4a94-8988-637d77702169"
"National Academy of Sciences of Ukraine Institute of Biology of the Southern Seas (NASU-IBSS)","af8f2254-138c-4e46-b0ef-79394ce2095f"
"National Academy of Sciences of Ukraine; Institute of Biology of the Southern Seas Department of plankton (NASU)","af8f2254-138c-4e46-b0ef-79394ce2095f"
"Australian Antarctic Division; Australian Antarctic Data Centre","5d6e3670-3455-434b-b2fe-3d50f144b51a"
"Gothenburg Museum of Natural History","c0c05803-63d7-434d-b7f6-db638d57ab36"
"NOAA Southwest Fisheries Science Center","39aa2775-5188-4b85-9b5a-896d7263ad03"
"Smithsonian Environmental Research Center; Marine Invasions Research Lab","1931f1a3-0b4c-4a72-9721-78f9270455f7"
"Government of Canada; Department of Fisheries and Oceans Bedford Institute of Oceanography (DFO-BIO)","a595a9a0-642a-473f-8c71-cc535ee29a2b"
"Government of Canada; Department of Fisheries and Oceans; Bedford Institute of Oceanography; Ocean Sciences Division; Biological Oceanography","a595a9a0-642a-473f-8c71-cc535ee29a2b"
"Marine Turtle Research Group","ac773285-d2b5-4fb8-813d-37d64a5ca4ef"
"seaturtle.org","ac773285-d2b5-4fb8-813d-37d64a5ca4ef"
"Sea Mammal Research Unit, University of St. Andrews","65c1bbe4-fcc1-49cf-9fac-7bf8f4040ef4"
"Marine and Coastal Management; Department of Environmental Affairs and Tourism","a4f7ee48-0d0b-4c05-a972-27a43b30db58"
"CSIR / SADCO / AfrOBIS","a4f7ee48-0d0b-4c05-a972-27a43b30db58"
"University of Hull Maritime Historical Studies Centre (MHSC)","58aa1bf7-2332-41f2-bc74-0c472094af06"
"ProDelphinus","861c6d48-2220-4320-ab11-e942e4fe19ce"
"seaturtle.org","861c6d48-2220-4320-ab11-e942e4fe19ce"
"NOAA Southwest Fisheries Science Center","d336561d-87fa-484e-95ec-385078233bf3"
"Greater Shearwaters in the Gulf of Maine","85af7df2-901e-4d19-ae64-2e0f68a7d39a"
"seaturtle.org","85af7df2-901e-4d19-ae64-2e0f68a7d39a"
"Russian Academy of Sciences; Far Eastern Branch Institute of Marine Biology (RAS)","ee0db3ee-3f03-47ed-9964-04b57851da89"
"Marine Research Foundation - Marine Turtle Programme","ffad94ad-662c-45aa-83e6-2475891bbd11"
"seaturtle.org","ffad94ad-662c-45aa-83e6-2475891bbd11"
"Marine Turtle Research Group","04518384-41c7-4295-a997-563c5b8bc60b"
"seaturtle.org","04518384-41c7-4295-a997-563c5b8bc60b"
"University of Pisa","cbf2f660-7224-4c6f-b889-716bb34dd86a"
"Costa Lab Mammals","db9fe431-d303-4edc-bf76-a3c270daf1c9"
"seaturtle.org","db9fe431-d303-4edc-bf76-a3c270daf1c9"
"ProDelphinus","e3c359b0-ac7f-4360-a788-6e19e286d155"
"seaturtle.org","e3c359b0-ac7f-4360-a788-6e19e286d155"
"Christian-Albrechts-University Kiel Institute for Polar Ecology (CAU-IPOE)","677cbeca-903e-4a9d-bdf2-11184ad0c201"
"Smithsonian Institution National Museum of Natural History (NMNM)","677cbeca-903e-4a9d-bdf2-11184ad0c201"
"Russian Academy of Sciences Zoological Institute of RAS (RAS-ZIN)","677cbeca-903e-4a9d-bdf2-11184ad0c201"
"University of Pisa","0766c909-9cd6-40da-9163-e3e6178ff983"
"iziko South African Museum","9b161b02-0f21-44e7-ac73-0ad7d4c95172"
"CSIR / SADCO / AfrOBIS","9b161b02-0f21-44e7-ac73-0ad7d4c95172"
"Russian Academy of Sciences A.N. Severtsov Institute of Ecology and Evolution (RAS)","a126c30a-ed96-40ba-b0ae-31a1c812e788"
"Seguimiento de juveniles de Tortuga boba","aa3002ce-c5ab-4ad8-996a-190fd33bf799"
"seaturtle.org","aa3002ce-c5ab-4ad8-996a-190fd33bf799"
"NOAA Southwest Fisheries Science Center","23a662e6-5fdb-4b04-b2b5-dc142be6b250"
"University of Exeter","961a2b3e-d2f1-4fff-b5f4-af9f01d4565a"
"seaturtle.org","961a2b3e-d2f1-4fff-b5f4-af9f01d4565a"
"Texas A&amp;M University Department of Wildlife and Fisheries Sciences","18e09669-93f6-47b9-b50c-60d1f028442f"
"KwaZulu-Natal Museum","23678adb-b175-4352-856d-d43322374cb1"
"CSIR / SADCO / AfrOBIS","23678adb-b175-4352-856d-d43322374cb1"
"Queensland Museum","5b235cbe-37fb-400a-bd59-d03aad7c8fc4"
"NOAA Fisheries","11c9e3fc-84e2-45eb-95cb-0e8e3743f9f6"
"Tulane University Tulane Museum of Natural History","784c3f00-9b0b-4b2d-a0e7-2de304537f8b"
"iziko South African Museum","2e471257-d3af-40f7-ba72-fccdb460fc2b"
"CSIR / SADCO / AfrOBIS","2e471257-d3af-40f7-ba72-fccdb460fc2b"
"HDR Environmental, Operations and Construction, Inc.","830cd2fc-25dd-44f2-9a53-272404dac551"
"University of the Azores Department of Oceanography and Fisheries (UAC-DOP)","8fbf53ba-500f-4c9d-8b70-c7e0ad483291"
"Institute of Marine Research (IMAR)","8fbf53ba-500f-4c9d-8b70-c7e0ad483291"
"seaturtle.org","df50aca5-a1f9-4ffd-800d-6e6aa24240e8"
"John Calambokidis","cec21074-052e-4e1c-99b1-e56ec8d5c0ae"
"Fisheries Bycatch Research Group","39f65657-055e-4c22-9893-ba6a018512e8"
"seaturtle.org","39f65657-055e-4c22-9893-ba6a018512e8"
"University of the Azores Department of Oceanography and Fisheries (UAC-DOP)","4296c51b-fdff-4625-8f6f-bd892000754a"
"Institute of Marine Research (IMAR)","4296c51b-fdff-4625-8f6f-bd892000754a"
"Université Libre de Bruxelles; Faculté des Sciences; Département de Biologie des Organismes; Centre Interuniversitaire de Biologie Marine (ULB - UMH); Unité de Biologie Marine (BIOMAR)","eb8e648e-fb5b-4fe5-af6f-993ebe5487d2"
"ANTABIF","81369372-80bf-468b-92db-4be5c0935445"
"Université Libre de Bruxelles","81369372-80bf-468b-92db-4be5c0935445"
"ANTABIF","a92e38d2-05ee-4a8f-8b1a-8d58fd34317f"
"Université Libre de Bruxelles","a92e38d2-05ee-4a8f-8b1a-8d58fd34317f"
"Duke University","b9a2fd8a-91a1-4285-8ea0-7c8991e811b8"
"Oregon State University","b9a2fd8a-91a1-4285-8ea0-7c8991e811b8"
"Columbia University","b9a2fd8a-91a1-4285-8ea0-7c8991e811b8"
"Government of Canada; Department of Fisheries and Oceans Bedford Institute of Oceanography (DFO-BIO)","f070a9b6-b425-4dae-b7ca-d492b717dcc7"
"Government of Canada; Department of Fisheries and Oceans; Bedford Institute of Oceanography; Ocean Sciences Division; Biological Oceanography","f070a9b6-b425-4dae-b7ca-d492b717dcc7"
"Russian Academy of Sciences Zoological Institute of RAS (RAS-ZIN)","19201a58-d4e4-42be-8384-676b6522443d"
"Duke University Marine Laboratory","ed4e307d-f75d-4011-8157-d70a5b0380a8"
"Naval Facilities Engineering Command Atlantic","58adbf92-9eb1-486f-a968-593942337f0d"
"seaturtle.org","58adbf92-9eb1-486f-a968-593942337f0d"
"ProDelphinus","d3e1e641-b33b-4427-8a5b-d98995c5baf0"
"seaturtle.org","d3e1e641-b33b-4427-8a5b-d98995c5baf0"
"LGSTRC","e8b9abeb-787f-461f-ad0c-36ddaa489b04"
"seaturtle.org","e8b9abeb-787f-461f-ad0c-36ddaa489b04"
"ProDelphinus","8fb2c5cc-d5cd-4c48-8248-75539f33116a"
"seaturtle.org","8fb2c5cc-d5cd-4c48-8248-75539f33116a"
"NOAA Northeast Fisheries Science Center","dafba9fd-f35c-45dd-97f0-bb70fc15d19c"
"NOAA Southwest Fisheries Science Center","5eaee866-0aa3-40c4-bf5f-a09e04f9d1f7"
"Bangladesh Sea Turtle Satellite Tracking Project-Marinelife Alliance","afb23951-7a91-44f5-9c70-1c569bc7f996"
"seaturtle.org","afb23951-7a91-44f5-9c70-1c569bc7f996"
"University of the Azores Department of Oceanography and Fisheries (UAC-DOP)","873ef09c-82b6-4d92-bc91-252c11f5e97d"
"Institute of Marine Research (IMAR)","873ef09c-82b6-4d92-bc91-252c11f5e97d"
"Duke University Marine Laboratory","a8c6fd8c-4b26-4203-8ff7-8d3b7af1b499"
"Dalhousie University","a8c6fd8c-4b26-4203-8ff7-8d3b7af1b499"
"University of New Hampshire (NHU)","36b58f28-0a03-4447-b688-e4eed56afa3d"
"University of New Hampshire (NHU)","58a95138-b5f7-4a64-a423-e56bd7753e4c"
"Russian Academy of Sciences Zoological Institute of RAS (RAS-ZIN)","2add9286-4793-44b8-a00e-4578a7776c12"
"Dubai Turtle Rehabilitation Project","51f57261-07bc-4c26-8b1e-a63f7202c049"
"seaturtle.org","51f57261-07bc-4c26-8b1e-a63f7202c049"
"Western Australian Museum","5d084f0c-bda5-422f-82db-0ba087829530"
"NOAA Northeast Fisheries Science Center","2c391592-bc18-4960-acd0-eb1b83dd3411"
"Cascadia Research Collective","5deec06a-c0f4-4e07-a4c7-85bc124dbaed"
"IRD - UR 227 Biocomplexité des écosystèmes récifaux","9cf15901-4a85-4615-ad2b-038abcfb5bd7"
"University of Bremen Centre for Marine Environmental Sciences (MARUM)","ab8cfc47-8b3f-4f0e-b0f1-719793823118"
"NOAA Southwest Fisheries Science Center","278a2a90-0772-434d-b77e-699b9c93f546"
"seaturtle.org","278a2a90-0772-434d-b77e-699b9c93f546"
"Duke University Marine Laboratory","082aa123-802c-45bd-b189-4a3278a6e156"
"USGS Alaska Science Center - Biological Science Office","082aa123-802c-45bd-b189-4a3278a6e156"
"USFWS Endangered Species Unit","082aa123-802c-45bd-b189-4a3278a6e156"
"NOAA Southeast Fisheries Science Center","003063a2-57ad-4c7b-a58b-df6f40fbf4ba"
"Australian Antarctic Division Australian Antarctic Data Centre (AAD)","42398d43-b904-4ebc-9c20-25b001ac8576"
"Australian Antarctic Division; Australian Antarctic Data Centre","42398d43-b904-4ebc-9c20-25b001ac8576"
"Universidad de Concepción; Centre for Oceanographic Research in the eastern South Pacific (COPAS)","673c42ca-98f5-4240-9a30-3db8b93281ae"
"Lomonosov Moscow State University Zoological Museum (MSU)","1ed1afd0-221b-4e75-91a0-6447e44b0d2e"
"University of Rhode Island","d11b19e7-4103-4cf5-ad4e-8c6c2cfb2e6d"
"Bioscience Research Institute, University of Southern Maine","00e52886-2755-4ac3-888b-d2fcc496a6ea"
"NOAA Southeast Fisheries Science Center","8f3ee0be-a799-40ca-a3ef-868fb6cdc670"
"NOAA Southwest Fisheries Science Center","c8f6acf8-cfc4-42f1-86c3-adb8ce0e1fd5"
"seaturtle.org","d7b728ec-77e3-4799-91b5-9298e624d42f"
"BCCM/ULC culture collection at the University of Liège","185c7efa-5589-40a8-9218-5ac662cbdd2b"
"InBios-Centre for Protein Engineering","185c7efa-5589-40a8-9218-5ac662cbdd2b"
"BCCM/ULC culture collection at the University of  Liège","185c7efa-5589-40a8-9218-5ac662cbdd2b"
"BCCM/ULC culture collection at University of Liège","185c7efa-5589-40a8-9218-5ac662cbdd2b"
"BCCM/ULC culture collection at the University of Liège","1b82f221-a30d-4345-9375-433d5c399e3e"
"InBios-Centre for Protein Engineering","1b82f221-a30d-4345-9375-433d5c399e3e"
"BCCM/ULC culture collection at the University of  Liège","1b82f221-a30d-4345-9375-433d5c399e3e"
"BCCM/ULC culture collection at University of Liège","1b82f221-a30d-4345-9375-433d5c399e3e"
"NOAA Northeast Fisheries Science Center","2a92332d-5633-40b0-8fd5-d17bcbc45f8d"
"National Natural History Museum Paris Département Milieux et Peuplements Aquatiques (MNHN-DMPA)","e36e3421-8bc9-47e2-aa60-7e367a889397"
"National Oceanic and Atmospheric Administration; National Marine Fisheries Service Pacific Islands Fisheries Science Center (NOAA-PIFSC)","5ea4f836-9e28-4542-ac4a-af10630fbb7a"
"Federal Government of the United States of America; Department of Commerce; National Oceanic and Atmospheric Administration; National Marine Fisheries Service; Pacific Islands Fisheries Science Center Coral Reef Ecosystem Division (NOAA-CRED)","5ea4f836-9e28-4542-ac4a-af10630fbb7a"
"Centro de Referência em Informação Ambiental (CRIA)","6cf9cb18-7596-404e-8a7f-797453bcb9a4"
"seaturtle.org","7b898e54-d434-4107-a0c3-de8a9d83f72d"
"NOAA Southeast Fisheries Science Center","e6a83c3f-8a6b-4470-8054-e4fce4576033"
"Proyecto Aegina","5fa93408-14e2-4c94-ab39-8c87ffb07c71"
"seaturtle.org","5fa93408-14e2-4c94-ab39-8c87ffb07c71"
"Institute of Marine Research","e39c5a48-b8ae-4f7b-a63d-3b7aae16c4cd"
"Mote Marine Laboratory","19311ebc-25a9-48fd-9146-f8bd4fceb3ed"
"seaturtle.org","19311ebc-25a9-48fd-9146-f8bd4fceb3ed"
"HAB Centre Copenhagen","1f33ac1f-ee0c-408a-a435-eb667e3199dc"
"NOAA Northeast Fisheries Science Center","5524e159-11e3-43ad-a142-4071cb86fb5d"
"NOAA Fisheries","d415e34c-b2fa-4795-b429-c9effe97d9c9"
"Cetacean Assessment and Ecology Program, National Marine Mammal Laboratory","c5bfe9a3-0070-427c-a69c-cabd36f0632c"
"Observatoire Pelagis UMS 3462, University La Rochelle - CNRS","2101d4c5-c20b-49c0-a44b-3d6484c4c891"
"Observatoire PELAGIS, UMS 3462, University La Rochelle-CNRS","2101d4c5-c20b-49c0-a44b-3d6484c4c891"
"University of Rhode Island","6669ce88-d264-42a5-b34c-bb7f01c3952c"
"NOAA Southwest Fisheries Science Center","01f7b0b2-2d05-4ed3-8aef-dc6d0ac40388"
"University of the Azores Department of Oceanography and Fisheries (UAC-DOP)","d58b22d0-0c37-4b14-ac93-bb558dfe06f6"
"Institute of Marine Research (IMAR)","d58b22d0-0c37-4b14-ac93-bb558dfe06f6"
"New England Aquarium","e87df918-8c99-4add-909b-3a8364e0b6aa"
"seaturtle.org","e87df918-8c99-4add-909b-3a8364e0b6aa"
"Gabon Olive Ridley Program","f282147d-5689-4da7-a8aa-6aa54c5bb5be"
"seaturtle.org","f282147d-5689-4da7-a8aa-6aa54c5bb5be"
"Western Australian Sea Turtle Satellite Tracking Project","26ff9e3d-6762-4274-94a9-6dd300d023ea"
"seaturtle.org","26ff9e3d-6762-4274-94a9-6dd300d023ea"
"University of the Azores Department of Oceanography and Fisheries (UAC-DOP)","2b7c7bc2-cdff-46fd-82d3-008cdea03408"
"Institute of Marine Research (IMAR)","2b7c7bc2-cdff-46fd-82d3-008cdea03408"
"East London Museum","8b81dbda-5873-4378-b98c-e8a9d52ca715"
"CSIR / SADCO / AfrOBIS","8b81dbda-5873-4378-b98c-e8a9d52ca715"
"Tree Foundation","39b93828-0807-4511-be78-7ef5939c3001"
"seaturtle.org","39b93828-0807-4511-be78-7ef5939c3001"
"Australian Museum","9dfaef79-f9ac-4866-9718-6bd6a76f28ae"
"NOAA Southeast Fisheries Science Center","265f17df-a0cd-4da1-8b5c-850124e1a2bc"
"ECOCEAN USA","83c921f1-6380-4c18-b3f3-133d4de3ea6f"
"Sea Turtle Conservation Bonaire","085b8194-5549-4c1e-8a76-7e89ccb8c920"
"seaturtle.org","085b8194-5549-4c1e-8a76-7e89ccb8c920"
"Cascadia Research Collective","0b8facff-924a-449b-bfbc-f3ea52d47cc9"
"Tracking Sea Turtles in the Riviera Nayarit, Mexico.","197fcb96-e08b-4102-bec1-d179185a86d7"
"seaturtle.org","197fcb96-e08b-4102-bec1-d179185a86d7"
"Provincetown Center for Coastal Studies","4b584a1c-d42d-4128-8ad8-6f5848f27f00"
"seaturtle.org","4b584a1c-d42d-4128-8ad8-6f5848f27f00"
"KU Biodiversity Institute","4e25e0ce-b17d-4192-9b55-417f1e0c4fc8"
"Georgia Department of Natural Resources","5fbb49a1-efdb-443b-bc9e-87cdc0db9e4f"
"seaturtle.org","5fbb49a1-efdb-443b-bc9e-87cdc0db9e4f"
"University of the Azores Department of Oceanography and Fisheries (UAC-DOP)","647943b7-b951-4c5c-8280-fd917cc29bf1"
"Institute of Marine Research (IMAR)","647943b7-b951-4c5c-8280-fd917cc29bf1"
"Fish Genetics and Biotechnology Division, Central Institute of Freshwater Aquaculture","766fd9a5-2fec-4916-b8b0-7d92bbb1d99b"
"National Oceanic and Atmospheric Administration; National Marine Fisheries Service Pacific Islands Fisheries Science Center (NOAA-PIFSC)","da77ef95-bff6-43f9-8af8-2a1dfa400ba8"
"Federal Government of the United States of America; Department of Commerce; National Oceanic and Atmospheric Administration; National Marine Fisheries Service; Pacific Islands Fisheries Science Center Coral Reef Ecosystem Division (NOAA-CRED)","da77ef95-bff6-43f9-8af8-2a1dfa400ba8"
"Academia Sinica Biodiversity Research Centre","ff8b7809-41bc-40ad-8160-0e33862817a0"
"Marine Turtle Research Group","86bc6112-33a6-432e-aafd-4c96d515f371"
"seaturtle.org","86bc6112-33a6-432e-aafd-4c96d515f371"
"Duke University Marine Laboratory","dd06d0ae-bfdd-48c0-89b8-e3ec5f81d88e"
"Wake Forest University","dd06d0ae-bfdd-48c0-89b8-e3ec5f81d88e"
"University of Liverpool","f4f347ce-09bb-47ab-a9c3-80abd63589ff"
"Queensland Museum","168f4ed7-0d77-43cb-a6af-e689bb5dedae"
"National Institute of Oceanography; Biological Oceanography","331a27ae-d8e3-451f-a204-c0b2b3edbd86"
"NOAA Southeast Fisheries Science Center","3b4e38be-12a5-4201-be05-589dab5168b4"
"National Institute of Oceanography; Biological Oceanography","7005b764-2feb-436a-8f17-0b41c6cd8435"
"BOLD","937da8a1-06b0-40ad-8ea4-af9db9490081"
"Organización para la Sustentabilidad y Conservación del Medio Ambiente","fa68d11f-fc9d-4002-8caa-c9e62dd12f4f"
"seaturtle.org","fa68d11f-fc9d-4002-8caa-c9e62dd12f4f"
"Queen Victoria Museum and Art Gallery","2a17430f-ec53-44dc-b09b-5a1d252820c0"
"Sea Mammal Research Unit, Scottish Oceans Institute, University of St. Andrews","5cf9ca30-d75b-40b0-9a66-9a8feccbc92b"
"Gabon Olive Ridley Program","11ad961b-254a-4d01-8a2b-c148c6b013de"
"seaturtle.org","11ad961b-254a-4d01-8a2b-c148c6b013de"
"Bardi Jawi Turtle Tracking","31151dce-cee4-4d86-9140-6ec0a5efcd90"
"seaturtle.org","31151dce-cee4-4d86-9140-6ec0a5efcd90"
"Universiteit Hasselt; Centre for Environmental Sciences; Onderzoeksgroep Dierkunde: Biodiversiteit en Toxicologie (CMKDK)","99971a24-e754-4927-96ca-fb880644a819"
"Universiteit Gent; Faculteit Wetenschappen Vakgroep Biologie (UGent)","99971a24-e754-4927-96ca-fb880644a819"
"National Natural History Museum Paris Service du Patrimoine naturel (MNHN-SPN)","9a81d405-545b-4a1b-bdaa-aff5350a0c39"
"Université de La Rochelle Observatoire Pelagis (UMS 3462)","9a81d405-545b-4a1b-bdaa-aff5350a0c39"
"Universiteit Hasselt; Centre for Environmental Sciences; Onderzoeksgroep Dierkunde: Biodiversiteit en Toxicologie (CMKDK)","a348aa20-8a95-415b-8f75-bfc0572ed2f2"
"Universiteit Gent; Faculteit Wetenschappen Vakgroep Biologie (UGent)","a348aa20-8a95-415b-8f75-bfc0572ed2f2"
"Duke University Marine Laboratory","adb7a322-0207-4363-8b55-2218d0305549"
"Dalhousie University","adb7a322-0207-4363-8b55-2218d0305549"
"Proyecto Aegina","4e9b4bde-eb73-4178-a64e-1da89ed4229d"
"seaturtle.org","4e9b4bde-eb73-4178-a64e-1da89ed4229d"
"Proyecto Aegina","9e64f9c8-5865-4c40-be79-04648ce913f7"
"seaturtle.org","9e64f9c8-5865-4c40-be79-04648ce913f7"
"USGS Greater Everglades Sea Turtles","d1acb2c3-e9a7-4e8e-89a0-c0940de3e9ea"
"seaturtle.org","d1acb2c3-e9a7-4e8e-89a0-c0940de3e9ea"
"University of Costa Rica; Department of Biology; Museum of Zoology","1418786c-0a73-464b-be4b-743a021078bc"
"University of Costa Rica; Department of Biology Museum of Zoology","1418786c-0a73-464b-be4b-743a021078bc"
"iziko South African Museum","35f99a06-ff09-4e36-97bc-bdfb5af64af1"
"University of Cape Town","35f99a06-ff09-4e36-97bc-bdfb5af64af1"
"CSIR / SADCO / AfrOBIS","35f99a06-ff09-4e36-97bc-bdfb5af64af1"
"PRETOMA and Turtle Island Restoration Network","4a1d7507-1331-4c52-a50f-41b15a6d4af8"
"seaturtle.org","4a1d7507-1331-4c52-a50f-41b15a6d4af8"
"University of the Azores Department of Oceanography and Fisheries (UAC-DOP)","814e548f-f6ec-46c7-8fd2-43764952c515"
"Institute of Marine Research (IMAR)","814e548f-f6ec-46c7-8fd2-43764952c515"
"Neonate tracking project","b981b947-e3bf-4369-b84b-ace7279427fd"
"seaturtle.org","b981b947-e3bf-4369-b84b-ace7279427fd"
"MarAlliance - Sharks and Rays Program","bdcb58ee-8d5a-4df8-8931-3436fa72e35b"
"seaturtle.org","bdcb58ee-8d5a-4df8-8931-3436fa72e35b"
"National Academy of Sciences of Ukraine Institute of Biology of the Southern Seas (NASU-IBSS)","d9c113a6-44b7-429c-920d-3ee162670c14"
"Wildlife Division of Forestry Commission","dfeee5b2-a48e-4156-969f-669e87f3fb8b"
"Florida Gulf Coast University","dfeee5b2-a48e-4156-969f-669e87f3fb8b"
"Australian Museum","f072e2e5-6b80-4eb4-9806-0f4c3d2fe3b4"
"University of the Azores Department of Oceanography and Fisheries (UAC-DOP)","f6095707-4117-4580-ad3e-e7e6bd20df5a"
"Institute of Marine Research (IMAR)","f6095707-4117-4580-ad3e-e7e6bd20df5a"
"NOAA Southwest Fisheries Science Center","034e9fa8-2640-49df-89cc-81590b5d11d2"
"seaturtle.org","034e9fa8-2640-49df-89cc-81590b5d11d2"
"National Environment Research Council","0866f24f-b254-4d85-9720-53d651f77d56"
"University of Dundee","0866f24f-b254-4d85-9720-53d651f77d56"
"Marine Turtle Research Group","10be7b68-5ffc-408b-afe3-703128c99f98"
"seaturtle.org","10be7b68-5ffc-408b-afe3-703128c99f98"
"Grupo de trabajo para la tortuga carey (Mexico)","27cd0137-820a-485e-bf8a-90117801313c"
"seaturtle.org","27cd0137-820a-485e-bf8a-90117801313c"
"South Australian Museum","47d6cc38-cc22-438d-a1bd-c63202d85290"
"ASRC Energy Services, Inc.","4b394534-8a6b-4bdb-bf1b-f07f983f9e37"
"TGS-NOPEC Geophysical Company","4b394534-8a6b-4bdb-bf1b-f07f983f9e37"
"seaturtle.org","72406526-bc8d-4a71-92a6-289795e0fc9c"
"Bureau of Safety and Environmental Enforcement","78fcc72b-236e-4d59-ab68-25df8ed0e74d"
"Department of Lands &amp; Natural Resources, Division of Fish &amp; Wildlife, Sea Turtle Program","0b7e9ae4-6983-46c1-8f3f-16c0b3b56fc2"
"Observatoire Pelagis UMS 3462, University La Rochelle - CNRS","130bab3d-5d88-47ee-b19c-307e8f113ed1"
"Observatoire PELAGIS, UMS 3462, University La Rochelle-CNRS","130bab3d-5d88-47ee-b19c-307e8f113ed1"
"WWF-Malaysia","25ee2970-094d-4664-99da-4fd245fbcc6a"
"seaturtle.org","25ee2970-094d-4664-99da-4fd245fbcc6a"
"NMFS Office of Protected Resources","58108baa-935b-4c43-be09-203776f3bda3"
"seaturtle.org","58108baa-935b-4c43-be09-203776f3bda3"
"Bardi Jawi Turtle Tracking","777e539e-abf1-4e6d-afa1-9b8452c739da"
"seaturtle.org","777e539e-abf1-4e6d-afa1-9b8452c739da"
"Wageningen IMARES, Institute for Marine Resources and Ecosystem Studies","88cd0153-6700-46e1-9f38-0c725c76c461"
"NOAA Southeast Fisheries Science Center","93f488c2-653b-4340-a816-24614e2d2ef3"
"Fisheries Bycatch Research Group","b3501f78-3dfb-4227-bd0d-16048c7b73db"
"seaturtle.org","b3501f78-3dfb-4227-bd0d-16048c7b73db"
"Museum and Art Gallery of the Northern Territory","0ff2a317-589a-4a3c-8f87-cd37173da0d6"
"Smithsonian Institution","23b62349-04a4-442e-bf20-8d91dbc03488"
"Centro de Referência em Informação Ambiental (CRIA)","2e6938ca-0290-46ab-9c51-a1d7a4130248"
"Western Australian Museum","36590eda-af3f-46db-839e-497e7f77ec9a"
"Marine Research Foundation - Marine Turtle Programme","36fbd7d5-f381-4303-b5b3-890c0c99b6f1"
"seaturtle.org","36fbd7d5-f381-4303-b5b3-890c0c99b6f1"
"Queensland Museum","5df2790c-bb76-4009-a36a-c3483cd8248d"
"ARCHELON (2004-2007)","6a1d743d-5c28-4ec4-9e39-b4c0153235a9"
"seaturtle.org","6a1d743d-5c28-4ec4-9e39-b4c0153235a9"
"Museum and Art Gallery of the Northern Territory","73f31d9e-9c11-402b-9e3d-8ed61f2fcc8c"
"Seguimiento de juveniles de Tortuga boba","750c3965-0b0e-4a9e-ae5d-f7fb944d90f9"
"seaturtle.org","750c3965-0b0e-4a9e-ae5d-f7fb944d90f9"
"Marine Research Foundation - Marine Turtle Programme","77b8d6e2-7bec-4adf-a3ca-aa10a439e074"
"seaturtle.org","77b8d6e2-7bec-4adf-a3ca-aa10a439e074"
"Christian-Albrechts-University Kiel Zoologisches Museum (CAU)","79766e2f-1256-4ba0-a3e5-f1b6ce348acd"
"WWF Italy's Sea Turtle Network","7b521ef5-2753-4811-b946-eb03f959575e"
"seaturtle.org","7b521ef5-2753-4811-b946-eb03f959575e"
"WWF Italy's Sea Turtle Network","843ab046-de61-4367-8285-972aff54a3a4"
"seaturtle.org","843ab046-de61-4367-8285-972aff54a3a4"
"Udayana University - WWF Joint Program","b5c334e0-ddce-402e-b70f-dcf05a2874c5"
"seaturtle.org","b5c334e0-ddce-402e-b70f-dcf05a2874c5"
"Regional Program for Sea Turtle Research and Conservation of Argentina (PRICTMA)","babe9ac5-4043-4e81-afe4-1897f3daabba"
"seaturtle.org","babe9ac5-4043-4e81-afe4-1897f3daabba"
"University of Málaga; Faculty of Sciences Departamento de Biología Vegetal","d3bdc700-fcf1-42ee-9587-e38287cf9f46"
"WWF Canada/LAC","dcff3bc2-1c46-4fab-9dbf-628550094a30"
"seaturtle.org","dcff3bc2-1c46-4fab-9dbf-628550094a30"
"Western Australian Sea Turtle Satellite Tracking Project","e835c407-7c5a-445c-9e5a-d130e5ea2fd1"
"seaturtle.org","e835c407-7c5a-445c-9e5a-d130e5ea2fd1"
"NOAA Southwest Fisheries Science Center","e98ad0a0-c948-4933-885c-a04dfc472364"
"seaturtle.org","e98ad0a0-c948-4933-885c-a04dfc472364"
"University of Hull Maritime Historical Studies Centre (MHSC)","ef18dc0c-ae54-4c82-9f8b-4412ec428de8"
"Marine Research Foundation - Marine Turtle Programme","282c67f7-d6f1-4c9f-9efe-8e3a20539807"
"seaturtle.org","282c67f7-d6f1-4c9f-9efe-8e3a20539807"
"Troy University","29c81640-3052-4ad0-b66d-14c21dc3270d"
"Emirates Wildlife Society WWF - Marine Research Foundation","44521999-d6d5-45dd-a0a9-53fa9117fa25"
"seaturtle.org","44521999-d6d5-45dd-a0a9-53fa9117fa25"
"Aubrey Strydom","5bfbfd4b-38c6-4cc5-8eed-660652012617"
"seaturtle.org","5bfbfd4b-38c6-4cc5-8eed-660652012617"
"Fisheries Bycatch Research Group","6b64e7b9-1042-47d1-9b94-43a0572de43b"
"seaturtle.org","6b64e7b9-1042-47d1-9b94-43a0572de43b"
"NOAA Northeast Fisheries Science Center","81933bf6-64fa-433d-9f96-84a30b212c3d"
"National Oceanic and Atmospheric Administration; National Marine Fisheries Service Pacific Islands Fisheries Science Center (NOAA-PIFSC)","98f8137f-5524-4eea-8ea0-984f81a5153f"
"Federal Government of the United States of America; Department of Commerce; National Oceanic and Atmospheric Administration; National Marine Fisheries Service; Pacific Islands Fisheries Science Center Coral Reef Ecosystem Division (NOAA-CRED)","98f8137f-5524-4eea-8ea0-984f81a5153f"
"Emirates Wildlife Society WWF - Marine Research Foundation","9f8656fd-43dd-467e-a008-814cf028317c"
"seaturtle.org","9f8656fd-43dd-467e-a008-814cf028317c"
"Marymount University and Hawksbill Hope in Belize","b2e5b9e9-d668-486f-b909-fb5d621d0c61"
"seaturtle.org","b2e5b9e9-d668-486f-b909-fb5d621d0c61"
"National Oceanic and Atmospheric Administration; National Marine Fisheries Service Northeast Fisheries Science Center (NOAA-NEFSC)","e7c86904-aac7-4a17-a895-99a54c430d80"
"South Australian Museum","f3019ee2-a2f8-4a5c-acd9-1a546b363a17"
"South Carolina Department of Natural Resources; Marine Resources Research Institute Southeastern Regional Taxonomic Center (SCDNR-SERTC)","f3019ee2-a2f8-4a5c-acd9-1a546b363a17"
"Fur seal, pelagic shark and seabird tracking","f415cf1b-30b1-48d6-b15f-1b97bc462c8e"
"seaturtle.org","f415cf1b-30b1-48d6-b15f-1b97bc462c8e"
"University of the Azores Department of Oceanography and Fisheries (UAC-DOP)","09be818d-531c-4d86-8eba-5db81d42fdba"
"Institute of Marine Research (IMAR)","09be818d-531c-4d86-8eba-5db81d42fdba"
"North Carolina Renewable Ocean Energy Program","0bc630d4-2ce0-427e-a1cf-3324ca19cb1d"
"seaturtle.org","0bc630d4-2ce0-427e-a1cf-3324ca19cb1d"
"Queen Victoria Museum and Art Gallery","1fa7faac-a46c-4d7a-8d5c-8dde6d611dcc"
"University of Pisa","222d85fd-d6fb-454b-baaf-2ab60906dab1"
"seaturtle.org","222d85fd-d6fb-454b-baaf-2ab60906dab1"
"ASRC Energy Services, Inc.","27f259f7-db48-48fe-8003-832804fcf365"
"TGS-NOPEC Geophysical Company","27f259f7-db48-48fe-8003-832804fcf365"
"Udayana University - WWF Joint Program","2e097918-8f88-4515-aeeb-6d51f805509c"
"seaturtle.org","2e097918-8f88-4515-aeeb-6d51f805509c"
"Bioscience Research Institute, University of Southern Maine","3038acd7-24ef-424e-9a6a-851e3fdafcdd"
"University of the Azores Department of Oceanography and Fisheries (UAC-DOP)","3497a1a0-247f-4cff-ab6e-da7772fa71e1"
"Institute of Marine Research (IMAR)","3497a1a0-247f-4cff-ab6e-da7772fa71e1"
"seaturtle.org","38aad8a2-66bf-47eb-ab6c-b5185534f7a1"
"University of Cape Town Botany Department","496f8c69-942b-4ee0-9e1b-b2a1b1f272e4"
"University of Cape Town; Botany Department","496f8c69-942b-4ee0-9e1b-b2a1b1f272e4"
"CSIR / SADCO / AfrOBIS","496f8c69-942b-4ee0-9e1b-b2a1b1f272e4"
"Observatoire Pelagis UMS 3462, University La Rochelle - CNRS","553e813b-993b-46f4-b42e-d3a5bf064572"
"Observatoire PELAGIS, UMS 3462, University La Rochelle-CNRS","553e813b-993b-46f4-b42e-d3a5bf064572"
"Naval Facilities Engineering Command Atlantic","5da9d5a2-2190-4019-b96c-821fc69375a3"
"seaturtle.org","5da9d5a2-2190-4019-b96c-821fc69375a3"
"DEKAMER-DENIZ KAPLUMBAGALARI ARASTIRMA MERKEZI (SEA TURTLE RESEARCH CENTER)","769730e3-b6e0-454b-9850-74d02c8dc448"
"seaturtle.org","769730e3-b6e0-454b-9850-74d02c8dc448"
"University of the Azores Department of Oceanography and Fisheries (UAC-DOP)","7e858a58-79b7-4b8b-a010-55ec7192ab29"
"Institute of Marine Research (IMAR)","7e858a58-79b7-4b8b-a010-55ec7192ab29"
"Western Australian Sea Turtle Satellite Tracking Project","82519150-e1af-4512-bf2a-2bbdad6bfe7e"
"seaturtle.org","82519150-e1af-4512-bf2a-2bbdad6bfe7e"
"Marine Turtle Conservation and Monitoring Program Palau","8d59cdce-1791-417d-abbc-400de4cc63ec"
"seaturtle.org","8d59cdce-1791-417d-abbc-400de4cc63ec"
"seaturtle.org","a594f522-9b2b-4fe9-bcc8-4120e064370b"
"University of Gothenburg; Faculty of Science Department of Biological and Environmental Sciences","b67743ff-e8ee-4374-87bc-3423d923941d"
"NOAA Southeast Fisheries Science Center","b6e5892e-cebe-4a0a-9487-0aef1d4aa3eb"
"Islameta Group, Dept. of Biology - University of Pisa","bf59afa5-5d44-420f-9100-5767a08a73d7"
"seaturtle.org","bf59afa5-5d44-420f-9100-5767a08a73d7"
"Provincetown Center for Coastal Studies","cbeb596a-613c-4449-a09e-f9a7ea091436"
"seaturtle.org","cbeb596a-613c-4449-a09e-f9a7ea091436"
"Mote Marine Laboratory","cbed8acb-c59f-428a-b25e-932b1a48af55"
"seaturtle.org","cbed8acb-c59f-428a-b25e-932b1a48af55"
"seaturtle.org","d092651c-d9b4-4583-a6c0-78e98a1dfbec"
"Yayasan Pulau Banyak, Aceh, Indonesia","d092651c-d9b4-4583-a6c0-78e98a1dfbec"
"Marine Turtle Research Group","d0e5f1d2-75ba-4905-8c54-204e9dc3a425"
"seaturtle.org","d0e5f1d2-75ba-4905-8c54-204e9dc3a425"
"Islameta Group, Dept. of Biology - University of Pisa","db322fe2-3666-454d-8532-c218e803f226"
"seaturtle.org","db322fe2-3666-454d-8532-c218e803f226"
"National Marine Life Center","df357e71-f6b0-4dcb-bd41-1bed236c9f30"
"seaturtle.org","df357e71-f6b0-4dcb-bd41-1bed236c9f30"
"Marine Turtle Research Group","e2f1ca4b-7b45-4241-8d9b-2c38f5ea6fe8"
"seaturtle.org","e2f1ca4b-7b45-4241-8d9b-2c38f5ea6fe8"
"Mediterranean Association to Save the Sea Turtles MEDASSET","ed50f3ea-4aed-4438-b66e-0466f44e89b6"
"seaturtle.org","ed50f3ea-4aed-4438-b66e-0466f44e89b6"
"Marine and Coastal Management; Department of Environmental Affairs and Tourism","fd4a002f-3972-46fc-9e16-8d2c14110e50"
"CSIR / SADCO / AfrOBIS","fd4a002f-3972-46fc-9e16-8d2c14110e50"
"Marine and Coastal Management Department of Environmental Affairs and Tourism","fd4a002f-3972-46fc-9e16-8d2c14110e50"
